Company,Pais_sede,Cluster_KMeans
AJIO,India,0
ALDO,Canadá,2
Abercrombie & Fitch,Estados Unidos,2
Adidas AG,Alemania,1
Aeropostale Inc.,Estados Unidos,0
Airwair International Ltd (Dr Martens),Reino Unido,2
Aldi Nord,Alemania,2
Aldi Sud,Alemania,2
"Amazon.com, Inc.",Estados Unidos,2
American Eagle Outfitters,Estados Unidos,2
Anta Sports Products,China,0
Anthropologie,Estados Unidos,2
Aritzia,Canadá,2
Asics Corporation,Japón,2
Asos,Reino Unido,1
BCBGMAXAZRIA,Estados Unidos,0
Balenciaga,Francia,1
Bally,Luxemburgo,2
Banana Republic,Estados Unidos,1
Beanpole,Corea del Sur,0
Belle International Holdings,China,0
Bershka,España,1
Big W,Australia,2
Billabong International Ltd,Estados Unidos,0
Bloomingdale's,Estados Unidos,0
Bonprix,Alemania,2
Boohoo Group plc (trading as Debenhams Group),Reino Unido,2
Bosideng International Holdings Limited,China,0
Bottega Veneta,Francia,1
"Brooks Sports, Inc",Estados Unidos,2
Brunello Cucinelli,Italia,2
Buckle Inc,Estados Unidos,0
Burberry Group plc,Reino Unido,1
Burlington Stores Inc,Estados Unidos,2
C&A,Suiza,1
C&J Clark International,Reino Unido,0
Calvin Klein Inc.,Estados Unidos,1
Calzedonia,Italia,2
Canada Goose,Canadá,2
Capri Holdings Ltd (formerly Michael Kors),Reino Unido,2
Carhartt Inc,Estados Unidos,0
Carolina Herrera,España,2
Caroll,Francia,0
Carrefour S.A.,Francia,2
Carter's Inc,Estados Unidos,2
Celine,Francia,2
Celio International,Francia,0
Champion,Estados Unidos,2
Chanel SA,Francia,0
Chico's FAS Inc,Estados Unidos,2
Children's Place Inc,Estados Unidos,2
Chloe,Suiza,2
Christian Dior,Francia,2
Coach Stores Limited,Estados Unidos,1
Columbia Sportswear,Estados Unidos,2
Converse,Estados Unidos,1
Cortefiel SA,España,2
Costco Wholesale,Estados Unidos,0
Cotton on Group,Australia,2
DKNY,Estados Unidos,0
DSW Inc.,Estados Unidos,0
Decathlon Group,Francia,2
Deichmann SE,Alemania,0
Desigual,España,0
Dick's Sporting Goods,Estados Unidos,2
Diesel SpA,Italia,2
"Dillard's, Inc.",Estados Unidos,0
Dolce & Gabbana,Italia,0
Dressmann,Noruega,1
Eddie Bauer,Estados Unidos,0
El Corte Ingles S.A.,España,2
Ermenegildo Zegna,Italia,2
Esprit Holdings Limited,Hong Kong,2
Express Inc,Estados Unidos,0
F&F,Reino Unido,2
FILA,Corea del Sur,2
Fabletics,Estados Unidos,0
Falabella,Chile,0
Famous Footwear,Estados Unidos,0
"Fanatics, Inc",Estados Unidos,0
Fashion Nova,Estados Unidos,0
Fendi,Francia,1
Fjallraven,Suiza,1
Foot Locker Inc.,Estados Unidos,0
Foschini,Sudáfrica,2
"Fossil Group, Inc.",Estados Unidos,0
Free People,Estados Unidos,2
Fruit of the Loom,Estados Unidos,2
Furla,Italia,0
G-star RAW,Países Bajos,2
GU,Japón,1
Gap inc.,Estados Unidos,1
George (brand),Reino Unido,2
Gerry Weber,Alemania,0
Gianni Versace S.r.l.,Reino Unido,2
Gildan Activewear Inc.,Canadá,1
Giorgio Armani SpA,Italia,2
Gucci,Francia,1
Guess? Inc,Estados Unidos,2
Gymshark Limited,Reino Unido,2
H&M,Suecia,1
Hanesbrands,Estados Unidos,2
Heilan Home,China,0
Helly Hansen AS,Canadá,2
Hema,Países Bajos,0
Hermes International,Francia,2
Hollister,Estados Unidos,2
Hudson's Bay Company,Canadá,0
Hugo Boss AG,Alemania,1
Intimissimi S.p.A,Italia,2
Ito Yokado,Japón,0
JD Sports Fashion plc,Reino Unido,2
Jack & Jones,Dinamarca,2
Jack Wolfskin,Estados Unidos,0
Jil Sander,Japón,2
Jockey International Inc,Estados Unidos,0
Joe Fresh,Canadá,2
John Lewis,Reino Unido,2
Jordan (Brand),Estados Unidos,1
K-Way,Italia,0
Kate Spade & Company,Estados Unidos,1
Kathmandu Holdings Ltd,Nueva Zelanda,2
Kaufland,Alemania,0
KiK Textilien und Non-Food GmbH,Alemania,0
Kiabi,Francia,2
Kmart Australia,Australia,1
Kmart Corporation,Estados Unidos,0
Kohl's,Estados Unidos,2
Koovs,India,0
LC Waikiki,Turquía,0
LL Bean,Estados Unidos,0
La Redoute,Francia,0
Lacoste,Suiza,2
"Lands' End, Inc.",Estados Unidos,0
Levi Strauss & Co.,Estados Unidos,1
Li-Ning,China,0
Lidl Limited,Alemania,2
Lindex,Finlandia,1
Longchamp,Francia,0
Louis Vuitton Malletier SA (LVMH),Francia,2
"MANGO (Punto Fa, S.L.)",España,1
Macy's,Estados Unidos,0
Mammut Sports Group AG,Reino Unido,2
Marc Jacobs,Francia,2
Marks and Spencer Group plc,Reino Unido,1
Marni,Italia,2
Massimo Dutti S.A.,España,1
Matalan,Reino Unido,2
Max Fashion,Emiratos Árabes Unidos,0
Max Mara,Italia,0
Merrell,Estados Unidos,0
Metersbonwe,China,0
Mexx,Países Bajos,0
Miu Miu,Italia,2
Mizuno Corporation,Japón,0
Moncler,Italia,2
Monoprix,Francia,2
Mr Price,Sudáfrica,0
Muji,Japón,2
"New Balance Athletic Shoe, Inc.",Estados Unidos,1
New Look Retail Group,Reino Unido,2
New Yorker,Alemania,0
Next PLC,Reino Unido,2
Nike Inc.,Estados Unidos,1
Nine West,Estados Unidos,0
Nordstrom,Estados Unidos,2
Nutmeg at Morrisons,Reino Unido,2
OVS SpA,Italia,1
Old Navy,Estados Unidos,1
Otto Group,Alemania,2
Paris (Almacenes Paris),Chile,2
Patagonia Inc.,Estados Unidos,1
Pepe Jeans,España,0
Pimkie,Francia,0
Prada,Italia,2
PrettyLittleThing,Reino Unido,2
Primark,Reino Unido,1
Pull & Bear,España,1
Puma,Alemania,1
Quiksilver Inc,Estados Unidos,0
REI,Estados Unidos,0
REVOLVE,Estados Unidos,0
Ralph Lauren Corporation,Estados Unidos,1
Reebok International Ltd.,Estados Unidos,0
Reliance Trends,India,0
Reserved,Polonia,2
River Island,Reino Unido,2
Romwe,China,0
Ross Stores,Estados Unidos,0
Roxy,Estados Unidos,0
Russell Athletic,Estados Unidos,2
S.Oliver,Alemania,2
SOK S Group,Finlandia,2
Sainsbury's,Reino Unido,1
Saint Laurent,Francia,1
Sak's Fifth Avenue,Canadá,0
Salvatore Ferragamo SpA,Italia,2
Sandro,Francia,2
Savage X Fenty,Estados Unidos,0
Semir,China,0
Shein,Singapur,0
"Shimamura Co., Ltd.",Japón,0
Skechers USA Inc,Estados Unidos,0
Smart Bazaar,India,0
Speedo International Limited,Reino Unido,2
Splash,Emiratos Árabes Unidos,0
Sports Direct,Reino Unido,0
Steve Madden,Estados Unidos,2
Stradivarius,España,1
Superdry plc,Reino Unido,1
TJ Maxx,Estados Unidos,2
TOD'S,Italia,0
Takko Holding GmbH,Alemania,0
Target,Estados Unidos,2
Target Australia,Australia,1
Tchibo GmbH,Alemania,2
Ted Baker,Reino Unido,2
Tezenis,Italia,2
The North Face Inc.,Estados Unidos,1
The Timberland Company,Estados Unidos,1
The Very Group,Reino Unido,2
The Walt Disney Company,Estados Unidos,2
Tom Ford International LLC,Estados Unidos,0
Tom Tailor,Alemania,2
Tommy Bahama,Estados Unidos,0
Tommy Hilfiger Inc.,Estados Unidos,1
Topvalu,Japón,0
Tory Burch LLC,Estados Unidos,0
Triumph International,Suiza,0
Truworths,Sudáfrica,0
UGG,Estados Unidos,1
Under Armour,Estados Unidos,2
Uniqlo Co.,Japón,1
United Arrows,Japón,2
United Colors of Benetton,Italia,1
Urban Outfitters,Estados Unidos,2
Valentino SpA,Italia,0
Van Heusen,Estados Unidos,0
Vans,Estados Unidos,1
Vero Moda,Dinamarca,2
Victoria's Secret,Estados Unidos,0
Walmart,Estados Unidos,2
Warehouse Group,Nueva Zelanda,2
Woolworths Holdings Limited,Sudáfrica,2
Wrangler,Estados Unidos,2
Youngor,China,0
Zalando SE,Alemania,2
Zara,España,1
Zeeman,Países Bajos,1
lululemon athletica,Canadá,1
